post_id,post_type,posted_at,impressions,likes,shares,comments,saves,watch_time,hashtag_count,mention_count
1,video,2024-11-18 19:54:01,6772,4108,149,153,272,276.79354188107163,1,1
2,text,2024-12-23 19:54:01,49244,4193,453,119,211,150.71154599162864,6,0
3,carousel,2024-11-03 19:54:01,49519,4463,292,454,271,98.36519820547755,1,3
4,carousel,2024-10-16 19:54:01,36732,2566,321,67,158,221.1397241869917,3,2
5,photo,2024-10-08 19:54:01,40905,2382,755,108,46,11.013883044919993,6,4
6,photo,2024-10-13 19:54:01,18347,1956,544,343,15,142.43070181309537,3,0
7,photo,2024-12-27 19:54:01,17920,2098,674,363,298,100.89701828110006,8,3
8,reels,2024-12-14 19:54:01,32822,1336,286,160,102,276.1607655307664,5,0
9,carousel,2024-10-15 19:54:01,47659,4769,70,277,279,3.600908181804763,2,2
10,carousel,2024-10-09 19:54:01,41108,4244,328,10,234,165.84446271550473,4,1
11,photo,2024-10-16 19:54:01,24563,1250,899,151,224,222.1990743199878,9,3
12,text,2024-10-26 19:54:01,8967,4418,61,188,69,145.50539625721237,4,0
13,reels,2024-10-24 19:54:01,46183,1531,865,490,236,25.620909048816497,8,0
14,photo,2024-12-10 19:54:01,12871,1919,162,32,56,291.7384170083707,5,0
15,photo,2024-10-14 19:54:01,29763,2424,758,454,267,155.40312941282937,1,1
16,photo,2024-10-07 19:54:01,12916,1230,320,42,271,184.2558732957034,7,0
17,video,2024-12-23 19:54:01,9734,2758,823,123,158,70.9829348122522,3,4
18,carousel,2024-12-20 19:54:01,34613,3600,553,297,144,145.04942553204114,8,4
19,video,2024-11-06 19:54:01,29179,474,576,375,55,128.74484758749657,3,0
20,photo,2024-12-09 19:54:01,36262,2220,873,248,121,22.46875260059512,1,4
21,carousel,2024-12-09 19:54:01,13677,4120,398,72,50,31.848106064240167,5,3
22,photo,2024-11-18 19:54:01,19268,2121,557,218,92,251.24175588563236,2,4
23,photo,2024-12-03 19:54:01,13330,3805,631,222,212,71.94598566197708,4,0
24,video,2024-12-25 19:54:01,21733,3359,186,181,273,58.48748144958916,1,2
25,video,2024-12-19 19:54:01,38947,3535,371,303,93,151.4734353750418,9,3
26,reels,2024-10-25 19:54:01,28286,1989,323,168,122,230.62413940875388,6,1
27,photo,2024-12-18 19:54:01,7610,1923,816,62,58,18.583955573696375,8,0
28,carousel,2024-12-12 19:54:01,7430,1574,857,273,120,173.04237589147675,4,1
29,carousel,2024-12-09 19:54:01,40922,2342,106,312,122,35.763132852172006,9,2
30,photo,2024-10-11 19:54:01,14828,3343,890,62,264,10.938315247685537,2,1
31,carousel,2024-10-10 19:54:01,43913,3234,222,292,79,15.823185648665216,9,0
32,photo,2024-12-28 19:54:01,32497,2170,838,469,11,250.2492324625324,5,0
33,photo,2024-12-21 19:54:01,40256,459,146,109,126,35.39174508841847,6,2
34,text,2024-10-17 19:54:01,37618,2141,15,232,15,13.545409323687585,3,0
35,text,2024-12-28 19:54:01,47332,1241,118,251,219,131.3699661428737,4,2
36,reels,2024-12-26 19:54:01,27526,1735,556,192,283,253.19804158260743,6,2
37,video,2024-11-17 19:54:01,31158,4100,48,498,32,78.72251294679057,7,0
38,photo,2024-10-24 19:54:01,26032,2043,671,87,239,126.51378525777491,1,4
39,carousel,2024-11-06 19:54:01,38846,4874,434,190,30,11.976759769125367,7,2
40,video,2024-10-09 19:54:01,45936,3461,639,256,58,134.72355424046276,1,0
41,photo,2024-10-14 19:54:01,30794,3080,270,359,33,173.2839241911401,5,4
42,video,2024-11-26 19:54:01,6448,106,435,242,168,171.27211612564344,6,2
43,photo,2024-12-17 19:54:01,29861,3367,96,364,274,99.72800765230954,2,4
44,text,2024-11-06 19:54:01,29141,1691,474,188,39,94.65995419894065,9,3
45,photo,2024-12-18 19:54:01,10074,3364,85,288,290,31.987085680979366,6,3
46,carousel,2024-12-21 19:54:01,7406,2706,480,389,277,110.03949619388051,7,4
47,video,2024-12-04 19:54:01,32823,3319,985,430,212,29.848400661889396,8,2
48,carousel,2024-12-11 19:54:01,24291,3373,972,214,242,229.97878341361547,1,0
49,carousel,2024-11-05 19:54:01,42568,1013,423,308,97,289.88228932445577,8,1
50,photo,2024-11-20 19:54:01,33003,2111,834,300,177,291.02233700001204,4,0
51,text,2025-01-01 19:54:01,47851,1542,904,101,83,259.52132981261815,8,1
52,reels,2024-11-28 19:54:01,35406,3154,735,451,114,180.23764480188572,6,1
53,text,2024-11-22 19:54:01,24312,3646,466,464,221,210.25970917316397,9,2
54,reels,2024-11-25 19:54:01,44108,4321,294,460,110,85.56174080412421,4,4
55,carousel,2024-10-06 19:54:01,2382,3028,248,476,51,189.2311260517862,2,0
56,text,2024-11-10 19:54:01,35171,1929,686,212,185,136.69486483196323,2,4
57,photo,2024-10-09 19:54:01,42779,675,608,374,68,144.60520193307974,5,3
58,photo,2024-11-26 19:54:01,4292,1029,662,392,250,227.33296811254738,9,2
59,photo,2024-12-20 19:54:01,42779,3859,681,426,248,84.57550667917549,3,2
60,video,2024-12-31 19:54:01,34187,3799,567,496,91,95.41188350835597,8,3
61,video,2024-10-10 19:54:01,13411,1563,381,415,221,277.392537338591,4,0
62,photo,2024-12-10 19:54:01,38285,3375,504,141,11,16.867288455291675,6,3
63,reels,2024-12-22 19:54:01,16422,1154,633,371,282,145.6902895240021,6,0
64,video,2024-10-14 19:54:01,43468,2000,928,404,214,273.8402401223585,3,1
65,photo,2024-12-02 19:54:01,33371,1557,54,188,173,183.1089023454471,5,2
66,carousel,2024-12-19 19:54:01,6693,1499,410,80,142,163.92212226363964,3,0
67,photo,2024-11-23 19:54:01,34535,3515,256,291,234,74.92325376880656,1,4
68,reels,2024-10-30 19:54:01,15818,542,625,476,165,102.98264671933448,7,4
69,photo,2024-11-10 19:54:01,32238,3750,606,379,5,255.61452474140788,4,2
70,text,2024-11-23 19:54:01,31874,4752,459,146,240,167.76543953053744,7,3
71,reels,2024-12-01 19:54:01,27715,1278,494,241,192,154.42265812703397,3,3
72,photo,2024-12-05 19:54:01,28605,4558,655,29,8,29.873914062008676,5,0
73,photo,2024-12-22 19:54:01,35317,1357,629,294,136,4.808446936536937,5,3
74,reels,2024-12-22 19:54:01,32174,3734,27,71,222,289.10555660611476,2,2
75,carousel,2024-12-17 19:54:01,10956,1941,615,254,264,113.09585018605249,2,0
76,carousel,2024-12-03 19:54:01,39908,2409,671,412,5,180.9639186298513,4,1
77,reels,2024-11-26 19:54:01,11837,1010,767,122,75,23.914521956185496,4,3
78,photo,2024-11-19 19:54:01,4716,4440,298,494,182,204.93428571691396,4,3
79,video,2024-12-06 19:54:01,5481,4737,423,77,193,279.7700126117883,6,0
80,photo,2024-11-03 19:54:01,25282,4109,730,286,295,172.6995758992259,2,4
81,reels,2024-11-03 19:54:01,7548,2269,647,408,12,37.83459671262317,6,3
82,carousel,2024-11-08 19:54:01,38605,2272,244,452,257,174.51645824204303,7,2
83,video,2024-12-19 19:54:01,8758,223,425,364,296,229.90416393139571,3,3
84,photo,2024-11-09 19:54:01,44668,3258,947,14,248,121.9249609722056,8,1
85,video,2024-12-25 19:54:01,24177,885,508,215,127,263.95132438244036,2,3
86,video,2024-12-05 19:54:01,25022,2516,983,327,287,194.60488600720933,8,4
87,carousel,2024-12-10 19:54:01,41761,896,643,156,36,269.77467548676077,5,3
88,carousel,2024-10-12 19:54:01,6542,4272,659,9,150,187.05159337420116,2,0
89,reels,2024-12-30 19:54:01,26476,4254,124,199,160,39.386391601447265,7,3
90,video,2024-10-31 19:54:01,31784,2036,941,446,20,92.90751333155673,2,4
91,photo,2024-11-16 19:54:01,23740,2256,683,287,51,60.53848447573708,6,0
92,carousel,2025-01-01 19:54:01,25817,3907,722,468,255,272.64794931505867,3,2
93,reels,2024-11-20 19:54:01,48596,1401,243,117,191,228.1200201862448,9,0
94,carousel,2024-12-21 19:54:01,17052,4263,549,275,35,202.9195106730018,3,1
95,reels,2024-12-05 19:54:01,36153,3240,20,167,264,90.2898958894865,3,0
96,video,2024-10-28 19:54:01,48076,3336,215,464,21,55.21343161506406,5,2
97,carousel,2024-12-17 19:54:01,1671,2452,688,109,43,226.93532639667353,7,3
98,video,2024-11-03 19:54:01,1163,2032,256,185,43,142.2473837637239,8,0
99,photo,2024-11-28 19:54:01,42424,2821,568,48,136,67.73686564518874,7,0
100,photo,2024-12-10 19:54:01,45002,464,767,286,34,184.98659344958253,9,0
101,photo,2024-11-17 19:54:01,5795,2490,136,179,162,12.100155641535594,5,0
102,carousel,2024-10-31 19:54:01,11634,1046,156,166,282,97.85107623847605,3,2
103,video,2024-11-12 19:54:01,5798,1477,127,475,207,140.5670983773404,6,4
104,carousel,2024-10-17 19:54:01,23420,1539,920,355,70,44.38750023282175,5,4
105,text,2024-10-23 19:54:01,30300,3280,391,438,112,295.39634327725184,4,0
106,photo,2024-12-20 19:54:01,25345,4957,421,344,272,62.72920937688428,2,2
107,video,2024-11-16 19:54:01,11749,440,673,144,226,39.10593901297966,7,2
108,reels,2024-10-08 19:54:01,39595,3089,593,475,296,61.060462166068916,5,0
109,photo,2024-10-28 19:54:01,26121,482,372,136,22,230.7183399479173,4,1
110,photo,2024-12-23 19:54:01,38487,1656,518,91,94,127.65169778155284,8,0
111,photo,2024-11-06 19:54:01,29411,399,146,180,185,169.6247819257614,9,1
112,photo,2024-11-28 19:54:01,34361,238,184,187,259,6.302747095908224,9,0
113,text,2024-11-04 19:54:01,22223,458,298,372,257,10.329392571994367,3,1
114,reels,2024-11-22 19:54:01,8394,1622,967,133,261,133.74766494810484,3,1
115,carousel,2024-10-26 19:54:01,15056,3556,490,250,91,244.99657296048707,5,0
116,reels,2024-11-26 19:54:01,29380,1727,28,93,94,265.57166361226956,5,1
117,reels,2024-11-09 19:54:01,27035,1403,204,70,241,26.011970278692065,2,3
118,photo,2024-11-02 19:54:01,31620,1234,339,162,74,161.50893063030682,1,4
119,reels,2024-11-19 19:54:01,20877,2286,945,391,48,273.96890588378113,8,2
120,carousel,2024-10-08 19:54:01,44404,3270,184,382,204,116.3918263193659,3,1
121,reels,2024-12-24 19:54:01,31911,3935,458,153,156,248.86974942851057,1,1
122,reels,2024-11-03 19:54:01,33784,2251,934,477,90,40.10869631983086,1,2
123,video,2024-10-19 19:54:01,4191,1337,955,344,23,280.6183469003396,2,1
124,photo,2024-12-10 19:54:01,34160,3835,363,437,105,225.4269952593908,6,2
125,photo,2024-10-25 19:54:01,26000,2934,508,120,99,282.4003178360705,6,0
126,video,2024-11-13 19:54:01,40040,4360,150,218,258,202.98517006575193,3,3
127,reels,2024-12-31 19:54:01,4631,1098,767,473,34,109.0211795998281,4,3
128,reels,2024-11-06 19:54:01,7172,2667,906,450,253,281.45435175741676,2,4
129,photo,2024-10-24 19:54:01,43080,1407,939,485,37,82.67003289275354,2,1
130,carousel,2024-12-15 19:54:01,24561,756,102,376,233,99.65175661851976,7,4
131,video,2024-11-02 19:54:01,25817,2760,953,298,16,210.24252540052208,1,0
132,photo,2024-11-11 19:54:01,21281,2311,248,257,122,229.59488985761587,7,3
133,photo,2024-10-22 19:54:01,29671,2009,214,147,159,278.8210451547462,1,0
134,video,2024-11-08 19:54:01,26364,3830,569,254,250,61.44072271686285,6,0
135,text,2024-10-06 19:54:01,42674,2146,442,370,251,239.3994105657672,3,1
136,video,2024-11-24 19:54:01,28425,3262,254,440,33,221.56381601908905,8,0
137,carousel,2025-01-01 19:54:01,29602,1240,841,467,165,19.13836687607936,6,3
138,carousel,2024-12-29 19:54:01,24253,366,326,306,239,116.16694236306209,2,4
139,video,2024-12-30 19:54:01,24472,1945,934,29,194,84.82963711802958,8,3
140,text,2024-12-30 19:54:01,9080,1808,304,281,121,91.34712730620912,5,1
141,text,2024-11-11 19:54:01,8099,3730,649,476,275,294.88406386641026,8,3
142,photo,2024-11-18 19:54:01,26431,3311,865,381,262,192.83322404397836,8,2
143,video,2024-10-09 19:54:01,32186,2393,291,382,184,215.30284733804987,6,4
144,video,2024-11-16 19:54:01,48684,3832,26,393,176,292.98529119450274,2,2
145,photo,2024-12-26 19:54:01,31111,3929,80,74,278,113.16053473729161,8,2
146,photo,2024-12-15 19:54:01,40851,1610,278,117,263,240.55205053584177,6,1
147,carousel,2024-11-04 19:54:01,23614,575,334,367,139,130.35928899134862,6,0
148,carousel,2024-11-30 19:54:01,27724,1076,803,116,175,260.86010154449394,8,2
149,photo,2024-11-15 19:54:01,42991,1307,314,368,214,54.19726239339096,1,3
150,photo,2024-10-14 19:54:01,5940,2060,460,307,240,284.3058531192839,2,0
151,text,2024-11-03 19:54:01,29758,657,16,475,190,65.63151252326391,9,3
152,photo,2024-12-18 19:54:01,37224,982,323,456,99,97.86615209427946,8,3
153,photo,2024-10-08 19:54:01,8788,2294,826,95,15,226.85767023203414,7,0
154,video,2025-01-01 19:54:01,29082,4861,112,22,72,118.12654246962201,7,0
155,text,2024-12-03 19:54:01,25034,2767,830,153,214,182.463413029934,5,3
156,photo,2024-12-22 19:54:01,36479,4777,202,480,200,133.37205032082855,2,1
157,carousel,2024-10-07 19:54:01,12280,4890,762,231,102,222.71098112693454,6,4
158,reels,2024-10-23 19:54:01,19052,1710,583,218,97,68.49937571058325,3,4
159,photo,2024-10-28 19:54:01,17531,3588,538,364,26,17.5373961710631,4,1
160,carousel,2024-12-21 19:54:01,23804,2554,180,155,176,89.97881924191987,2,0
161,video,2024-12-24 19:54:01,29903,4594,546,196,138,142.2925994605291,2,3
162,carousel,2024-11-09 19:54:01,45857,2046,260,455,29,50.40601565780357,8,4
163,carousel,2024-10-29 19:54:01,11142,4910,774,44,189,106.43918689691661,8,3
164,carousel,2024-12-06 19:54:01,49355,4899,396,246,89,119.99490548807056,6,1
165,photo,2024-12-26 19:54:01,10866,2908,216,142,59,17.217553106482065,5,3
166,reels,2024-10-29 19:54:01,5531,3925,550,349,255,174.99217445526136,8,1
167,video,2024-12-10 19:54:01,46454,3636,638,184,148,265.30302839138625,4,0
168,photo,2024-10-20 19:54:01,39098,3902,425,204,171,45.52287388591573,4,1
169,photo,2024-11-23 19:54:01,39278,4277,803,207,228,179.3424040204542,5,1
170,carousel,2024-12-26 19:54:01,29138,4799,389,65,224,199.42176147325387,1,4
171,carousel,2024-10-17 19:54:01,28065,2070,153,196,183,125.8004041257865,1,3
172,photo,2024-11-25 19:54:01,30956,3922,34,9,123,210.32927620928098,2,4
173,carousel,2024-12-10 19:54:01,42732,2919,831,382,269,123.2194630473036,8,2
174,photo,2024-12-30 19:54:01,40261,1002,677,241,154,151.39118639323047,7,1
175,carousel,2024-12-24 19:54:01,11759,464,82,185,219,2.205913366328094,9,2
176,photo,2024-11-06 19:54:01,6439,4358,641,315,201,207.51603424040664,5,4
177,carousel,2024-10-08 19:54:01,48241,3219,833,41,46,198.40280368341732,2,3
178,video,2024-10-17 19:54:01,43533,2658,842,60,57,11.520263197903368,7,4
179,text,2024-11-27 19:54:01,29270,1963,102,447,255,110.47503221853992,8,3
180,photo,2024-10-24 19:54:01,14279,215,514,241,299,293.7095522375002,7,3
181,video,2024-12-30 19:54:01,40279,2484,607,362,275,126.22096877058505,7,0
182,photo,2024-11-17 19:54:01,45251,4035,345,353,127,150.58362153955252,5,1
183,text,2024-10-06 19:54:01,24888,2590,434,201,270,272.97904744791555,2,4
184,reels,2024-12-17 19:54:01,18630,1042,508,77,33,215.17856275972693,6,3
185,photo,2024-10-26 19:54:01,36144,1824,373,63,39,174.62103933726706,4,4
186,carousel,2024-11-28 19:54:01,32182,2434,956,244,10,239.34140440232176,2,4
187,reels,2024-11-05 19:54:01,26538,2867,639,6,115,259.30987993679196,9,3
188,carousel,2024-11-17 19:54:01,12824,1237,754,453,298,137.06642152118005,7,2
189,carousel,2024-10-19 19:54:01,33125,2627,208,364,81,142.5325094795506,6,1
190,photo,2024-12-07 19:54:01,7979,4217,727,192,151,115.81528069555074,5,1
191,photo,2024-10-27 19:54:01,27189,3520,422,311,71,290.01184200553814,3,0
192,reels,2024-10-19 19:54:01,43600,4878,348,34,12,209.14987628710512,4,0
193,text,2024-10-15 19:54:01,13504,4006,668,271,126,24.966919862421687,3,0
194,carousel,2024-11-25 19:54:01,21669,3737,971,480,179,258.8878869939055,8,1
195,video,2024-11-20 19:54:01,7910,3053,946,112,183,144.1679822508804,3,2
196,video,2024-11-03 19:54:01,47857,2467,438,336,89,20.62617192674624,7,1
197,carousel,2024-11-07 19:54:01,35964,4321,792,427,49,164.91517654899332,7,1
198,reels,2024-10-29 19:54:01,21131,376,908,94,140,125.14928369271063,7,1
199,reels,2024-11-09 19:54:01,26227,2099,148,209,20,263.3248214587875,7,1
200,reels,2024-11-25 19:54:01,6978,1327,702,383,199,61.19838108281621,2,2
201,carousel,2024-11-25 19:54:01,22991,3852,951,460,13,247.93938284765488,3,0
202,photo,2024-10-19 19:54:01,18153,3835,551,451,19,167.3066073556358,9,4
203,photo,2024-12-02 19:54:01,34548,795,66,452,106,16.383090964040715,3,0
204,reels,2024-12-29 19:54:01,43676,1409,241,449,230,291.5535903976454,2,0
205,carousel,2024-10-08 19:54:01,40071,4252,667,385,282,153.78457323095998,9,4
206,photo,2024-12-16 19:54:01,48454,3334,444,442,117,87.26305626947475,9,1
207,photo,2024-10-16 19:54:01,4983,4214,393,224,5,140.82205259677744,4,2
208,carousel,2024-11-25 19:54:01,10503,2411,569,382,270,257.3573350552467,9,2
209,photo,2024-11-06 19:54:01,30921,2941,203,98,212,91.47093731551905,3,0
210,photo,2024-11-06 19:54:01,17905,4308,745,461,114,57.802918946010095,7,4
211,carousel,2024-11-17 19:54:01,46838,3659,657,107,204,38.721374079264436,7,3
212,carousel,2024-11-24 19:54:01,24953,3498,543,227,16,89.35781951706338,8,1
213,carousel,2024-12-22 19:54:01,27806,641,527,190,192,234.01442611201304,4,0
214,photo,2024-11-20 19:54:01,46000,2794,725,473,158,141.4879095585785,3,2
215,carousel,2024-10-07 19:54:01,23168,4774,760,188,283,68.24448110806199,3,4
216,photo,2024-11-12 19:54:01,5583,1188,194,499,175,49.85549988292476,5,4
217,video,2024-11-23 19:54:01,39714,3463,881,166,138,99.81884295311373,1,0
218,carousel,2024-11-02 19:54:01,40896,124,301,251,29,281.97731186571264,3,3
219,carousel,2024-12-08 19:54:01,12889,1672,344,35,22,102.90801377700731,6,2
220,reels,2024-11-27 19:54:01,28413,3058,741,56,194,296.43722278639063,3,0
221,carousel,2024-11-05 19:54:01,13275,4336,125,349,145,145.56913672960684,5,3
222,carousel,2024-12-28 19:54:01,3461,1867,834,80,47,53.749175487045264,9,4
223,photo,2024-12-30 19:54:01,15291,4843,58,389,288,267.34202753805283,2,1
224,video,2024-11-20 19:54:01,47804,2335,694,443,150,138.10661194044806,2,2
225,photo,2024-11-07 19:54:01,12435,300,91,282,96,212.90140305135733,6,2
226,photo,2024-12-04 19:54:01,28935,3298,843,44,183,295.1134749627455,6,3
227,text,2024-12-12 19:54:01,34453,356,342,105,60,15.052605095992199,8,0
228,video,2024-11-23 19:54:01,19544,3847,566,115,159,29.00836793627014,2,4
229,reels,2024-12-25 19:54:01,13258,4742,344,389,164,216.13702243882685,9,3
230,carousel,2024-12-03 19:54:01,31841,2341,541,325,115,84.5475009886416,2,1
231,reels,2024-11-12 19:54:01,49758,3275,969,253,141,55.29041908502972,1,1
232,carousel,2024-12-05 19:54:01,11736,3706,230,195,236,11.808563945918849,2,1
233,carousel,2024-11-26 19:54:01,38643,3436,644,494,224,6.554013595860542,7,3
234,video,2024-12-04 19:54:01,44950,4997,755,186,72,232.34568093593725,8,4
235,photo,2024-10-14 19:54:01,35964,513,742,430,253,40.330028210864995,5,2
236,carousel,2025-01-02 19:54:01,29044,2114,332,409,10,140.31618479134528,6,0
237,photo,2024-10-18 19:54:01,40933,1481,860,339,284,181.7690445538449,1,2
238,photo,2024-10-19 19:54:01,16997,1198,12,213,98,128.5055401706539,6,4
239,carousel,2024-12-23 19:54:01,15215,3526,703,26,273,8.131995700869933,8,2
240,photo,2024-11-26 19:54:01,34069,3755,215,170,201,235.05045077637266,3,3
241,text,2024-10-30 19:54:01,24911,1009,841,103,29,3.1539673624960463,1,1
242,text,2024-12-22 19:54:01,18030,287,49,497,152,228.5669683132452,4,4
243,text,2024-11-19 19:54:01,30334,4144,68,212,122,267.99134813643684,1,4
244,video,2024-12-08 19:54:01,15571,3856,960,12,70,129.8519763171517,8,2
245,photo,2024-12-18 19:54:01,43719,2115,583,194,179,160.66274192933946,5,3
246,text,2024-11-05 19:54:01,29927,2192,653,179,80,143.09501778529614,1,2
247,video,2024-11-01 19:54:01,21714,3744,516,277,118,116.76258558703164,8,2
248,text,2024-10-08 19:54:01,44541,2230,581,21,115,266.22736061110805,9,4
249,text,2024-11-30 19:54:01,24387,457,893,94,253,268.1800532009971,2,2
250,reels,2024-10-26 19:54:01,29444,2522,852,145,207,100.74490939246036,9,1
251,photo,2024-10-13 19:54:01,49908,4357,131,149,151,184.5209262044094,8,2
252,video,2024-12-05 19:54:01,20921,4645,488,170,39,278.07226864375923,7,1
253,reels,2024-10-25 19:54:01,14057,1597,628,341,30,288.61754968240547,3,4
254,video,2024-10-22 19:54:01,46268,2258,105,82,242,152.68771212661426,2,3
255,photo,2024-11-02 19:54:01,25858,2655,868,433,18,135.84744158529804,7,1
256,carousel,2024-12-07 19:54:01,49689,2442,423,266,49,83.60829477855773,5,3
257,text,2024-11-05 19:54:01,45638,3051,244,167,220,287.661561957123,6,3
258,carousel,2024-10-17 19:54:01,27062,1338,907,370,237,42.844291341860206,4,1
259,carousel,2024-11-28 19:54:01,37850,1073,71,18,197,173.9488728143175,2,4
260,photo,2024-12-13 19:54:01,47486,4827,265,243,55,84.76508025559167,9,0
261,carousel,2024-10-28 19:54:01,21567,4065,570,76,218,83.70248710433899,3,3
262,text,2024-12-15 19:54:01,30739,1150,914,449,155,121.49057621285654,7,3
263,photo,2024-10-28 19:54:01,44285,3801,357,147,279,299.63788074469636,8,4
264,carousel,2024-11-01 19:54:01,4754,2880,680,314,80,16.48989205194662,2,4
265,reels,2024-12-18 19:54:01,28044,1688,133,287,224,173.56254546105944,6,2
266,carousel,2024-12-23 19:54:01,2724,3978,491,273,191,24.771647410583153,8,4
267,carousel,2024-12-13 19:54:01,2376,2468,326,245,293,46.35624899715569,7,3
268,carousel,2024-12-18 19:54:01,9706,536,513,419,32,131.86888253186962,3,1
269,video,2024-12-25 19:54:01,9894,2928,728,249,184,153.1380394039324,1,0
270,photo,2024-10-31 19:54:01,19037,1656,57,167,257,77.6377225093572,6,2
271,reels,2024-12-13 19:54:01,19450,3958,418,64,130,94.93713926232485,8,1
272,reels,2024-10-06 19:54:01,17406,1404,941,10,181,26.090106076779918,6,0
273,reels,2024-10-14 19:54:01,30725,2484,145,201,41,90.96593515327515,5,0
274,text,2024-11-15 19:54:01,6926,282,210,474,103,289.96753181416324,8,0
275,carousel,2024-12-21 19:54:01,40019,1689,259,62,102,283.41221450174453,2,1
276,carousel,2024-11-01 19:54:01,10496,1687,323,309,131,100.4634870410955,1,2
277,reels,2024-11-18 19:54:01,37068,759,878,411,172,171.25618088362847,1,2
278,carousel,2024-12-06 19:54:01,30806,259,377,221,84,272.87861733328333,4,0
279,carousel,2024-10-20 19:54:01,23663,4053,438,422,298,1.8551467922690024,6,1
280,reels,2024-11-29 19:54:01,42321,1111,839,30,130,243.20507110127755,9,0
281,reels,2024-11-13 19:54:01,37495,152,816,307,154,284.5108658366757,1,4
282,video,2024-10-20 19:54:01,23656,2407,489,9,20,27.397720300067117,1,2
283,video,2024-12-28 19:54:01,26860,1328,323,478,32,48.43430580987631,5,3
284,photo,2024-12-06 19:54:01,17832,1135,509,24,177,288.2238908314066,5,0
285,carousel,2024-12-24 19:54:01,39787,3802,730,394,50,161.26204309210388,5,4
286,photo,2024-12-02 19:54:01,49231,4145,364,202,240,4.25899034151711,6,2
287,video,2024-12-29 19:54:01,22727,4549,494,63,218,77.28959962905874,8,1
288,carousel,2024-10-17 19:54:01,43815,1364,220,452,89,134.98310228065787,3,2
289,photo,2024-12-03 19:54:01,30545,1984,713,246,286,207.87267330743032,9,1
290,carousel,2024-11-14 19:54:01,45522,1909,53,150,236,219.94811344103988,1,1
291,photo,2024-10-21 19:54:01,3520,3267,550,392,89,298.62645387763683,4,0
292,photo,2024-11-07 19:54:01,4081,3897,580,277,69,86.25335981512771,9,0
293,reels,2024-10-09 19:54:01,35196,2441,592,253,138,161.46603056054258,8,2
294,video,2024-12-09 19:54:01,37735,3514,101,18,155,159.9970643578815,9,4
295,photo,2024-11-19 19:54:01,40213,917,274,466,119,121.69357783417125,1,2
296,carousel,2024-12-06 19:54:01,15566,2537,904,17,68,50.74856815272606,9,3
297,reels,2024-12-31 19:54:01,15042,988,229,395,162,293.23696895515275,3,1
298,photo,2024-10-15 19:54:01,26498,767,911,388,81,255.99515599997582,9,1
299,carousel,2024-12-22 19:54:01,12329,4828,934,48,150,149.49990848827116,1,0
300,photo,2024-11-26 19:54:01,32656,2724,451,379,229,180.97362680520894,1,4
301,photo,2024-12-20 19:54:01,3159,4332,410,403,107,68.17831606789869,9,0
302,carousel,2024-12-06 19:54:01,38900,4623,409,23,92,163.13612111752406,6,3
303,carousel,2024-12-06 19:54:01,20363,918,736,67,172,208.49103993644275,4,2
304,carousel,2024-10-21 19:54:01,48701,2288,908,495,174,154.55010851597663,7,2
305,carousel,2024-12-03 19:54:01,44241,1206,798,243,139,297.08555117548235,5,4
306,text,2025-01-02 19:54:01,20033,2324,585,496,54,183.40249687431785,7,0
307,carousel,2024-11-18 19:54:01,11805,297,867,423,138,111.29211377765071,8,0
308,video,2024-10-18 19:54:01,36851,2771,813,341,141,231.64560828475143,8,3
309,reels,2024-10-12 19:54:01,27832,3592,499,423,249,51.13875347449262,1,2
310,photo,2024-12-13 19:54:01,14944,2548,494,407,113,115.35474411187995,8,0
311,video,2024-10-21 19:54:01,20873,570,766,408,291,104.08768511327575,6,4
312,photo,2024-12-08 19:54:01,41372,2048,479,104,25,129.54212853233318,4,2
313,photo,2024-10-29 19:54:01,24928,3999,583,167,94,234.5339477786179,8,3
314,text,2024-10-15 19:54:01,16379,2110,947,420,116,145.25190964902222,3,4
315,reels,2024-11-09 19:54:01,37751,3900,853,126,81,238.20433507978882,4,1
316,carousel,2024-12-14 19:54:01,35546,4218,691,436,181,172.94667094195978,6,3
317,video,2024-11-18 19:54:01,25286,3896,454,48,152,102.6208303972666,7,4
318,photo,2024-10-16 19:54:01,6110,4088,278,364,105,242.99362310504173,4,0
319,photo,2024-11-06 19:54:01,13087,334,276,412,250,71.48690116592748,4,1
320,photo,2024-10-12 19:54:01,24762,1028,63,321,121,67.31489393993864,7,3
321,carousel,2024-12-29 19:54:01,18081,3707,537,385,96,151.35087721645073,6,0
322,carousel,2024-12-16 19:54:01,35947,622,529,149,32,78.25477378862668,8,1
323,carousel,2024-11-08 19:54:01,10596,3623,625,331,29,2.7261104853648965,1,2
324,photo,2024-10-27 19:54:01,39019,4626,68,367,62,194.48925818964045,7,0
325,text,2025-01-01 19:54:01,43003,4988,834,54,138,153.3281464417194,7,4
326,carousel,2025-01-03 19:54:01,19313,1729,49,69,253,133.65534434794836,7,3
327,carousel,2024-11-07 19:54:01,48639,4728,246,359,42,290.0905543854946,7,1
328,carousel,2024-11-27 19:54:01,2013,1416,964,292,79,171.35975518887412,8,0
329,video,2024-12-20 19:54:01,24705,2957,395,168,146,259.02947333681533,9,2
330,photo,2024-12-01 19:54:01,2828,1224,615,145,172,41.835070861548054,9,3
331,video,2024-11-04 19:54:01,8909,2687,743,458,263,170.7619389388283,2,3
332,reels,2024-11-30 19:54:01,39356,1123,725,318,229,260.3938880192709,7,0
333,photo,2024-11-01 19:54:01,14109,1478,659,132,156,174.9317271839694,7,2
334,photo,2024-12-10 19:54:01,3023,3474,309,402,23,215.40425343810045,4,1
335,photo,2024-12-11 19:54:01,15537,1619,404,425,150,111.61307034366222,9,0
336,photo,2024-12-23 19:54:01,27661,326,216,372,245,27.734855111119984,8,1
337,reels,2024-12-17 19:54:01,39659,991,345,467,241,137.37008853812142,1,3
338,carousel,2024-12-20 19:54:01,34848,4172,602,243,39,118.34381725165726,2,1
339,video,2024-10-16 19:54:01,38804,2357,739,328,194,260.1180547136842,2,2
340,photo,2024-12-08 19:54:01,16379,2888,523,300,5,73.19859070574168,8,4
341,video,2024-10-24 19:54:01,28766,496,187,191,157,290.0202682605324,1,2
342,video,2024-11-05 19:54:01,44590,2178,405,212,130,287.44143594134886,4,1
343,photo,2024-11-19 19:54:01,3563,4844,380,224,230,74.28949292143162,5,0
344,video,2024-10-07 19:54:01,37060,4524,867,404,225,104.41558664319615,9,3
345,video,2024-12-18 19:54:01,30197,3337,800,194,215,268.6667222621655,7,4
346,carousel,2024-11-12 19:54:01,4586,3993,667,392,29,289.98666626883227,8,0
347,carousel,2024-12-27 19:54:01,17087,2105,327,433,20,133.0317308508132,9,0
348,photo,2024-10-17 19:54:01,49868,2116,745,350,186,96.29911369226934,7,2
349,video,2024-12-08 19:54:01,24225,3271,378,288,133,157.8282039754626,5,1
350,carousel,2024-11-19 19:54:01,30750,2768,393,356,46,206.33076190972045,5,2
351,carousel,2024-11-15 19:54:01,7643,1978,71,241,240,82.04235461249394,6,1
352,reels,2024-10-25 19:54:01,28523,1296,815,198,38,220.94195238572183,5,2
353,carousel,2025-01-01 19:54:01,37727,1872,514,291,49,15.49720713439231,9,0
354,photo,2024-11-01 19:54:01,12005,261,248,263,138,14.788347829324932,3,3
355,photo,2024-11-21 19:54:01,44543,4076,204,250,25,115.88631154366357,3,1
356,carousel,2024-11-12 19:54:01,1161,1851,687,140,126,106.04195761821617,7,4
357,photo,2024-12-11 19:54:01,17029,875,972,284,74,94.68996461014568,7,4
358,carousel,2024-11-05 19:54:01,15226,1039,231,275,52,147.305928800673,6,0
359,text,2025-01-01 19:54:01,29731,3320,70,175,43,96.22007469347137,3,2
360,carousel,2024-12-15 19:54:01,44922,639,138,163,291,57.677375540427576,7,2
361,video,2024-11-19 19:54:01,45848,1561,999,205,14,92.84086472658028,5,0
362,carousel,2024-12-20 19:54:01,4390,455,694,491,34,292.47128184307047,7,4
363,video,2024-12-10 19:54:01,6997,3704,165,49,248,123.33402509845457,2,4
364,carousel,2024-10-18 19:54:01,13693,3423,926,454,278,133.41383305750074,6,2
365,text,2024-10-25 19:54:01,43092,334,387,268,92,172.963496985342,8,1
366,video,2024-12-18 19:54:01,1541,1648,631,75,248,295.002230524268,1,3
367,text,2024-10-12 19:54:01,22817,2196,790,368,19,72.48038293072891,4,1
368,text,2024-12-26 19:54:01,38861,4313,932,375,8,204.38463315973016,1,4
369,photo,2024-11-27 19:54:01,14428,2201,877,107,195,214.79540806251723,1,1
370,photo,2024-11-17 19:54:01,44934,1773,912,494,172,182.19732503791977,8,3
371,photo,2024-11-05 19:54:01,49831,2200,799,129,13,26.573501890993224,7,1
372,photo,2024-11-02 19:54:01,11258,3757,595,317,113,203.06168274827294,1,1
373,photo,2024-10-10 19:54:01,17044,4753,446,468,141,19.228413310852645,2,1
374,carousel,2025-01-02 19:54:01,30411,3696,984,487,158,178.84279486496908,4,1
375,photo,2024-10-08 19:54:01,6469,3848,216,290,213,221.8743531665228,1,0
376,video,2024-10-24 19:54:01,29854,3273,397,462,276,63.290967185985124,3,4
377,reels,2024-12-24 19:54:01,7256,1915,489,234,147,252.4866022628322,8,3
378,photo,2024-11-01 19:54:01,11720,3941,800,150,103,9.10614165990128,8,4
379,reels,2024-10-19 19:54:01,34937,2105,896,374,73,253.14385909749183,8,0
380,photo,2024-10-15 19:54:01,34598,4593,847,201,251,138.09871519282953,6,0
381,photo,2024-10-24 19:54:01,2651,774,993,377,265,65.27638197949335,6,0
382,carousel,2024-12-14 19:54:01,20194,486,349,225,280,40.1334434981904,5,0
383,carousel,2024-12-17 19:54:01,26051,2258,878,427,83,285.9921502747118,9,1
384,reels,2024-11-01 19:54:01,28386,2761,349,64,150,21.799676274347014,4,4
385,carousel,2024-10-14 19:54:01,10518,2164,213,102,115,59.7280259807777,7,2
386,reels,2024-11-27 19:54:01,47026,3951,170,175,262,104.34670422991378,1,3
387,photo,2024-12-03 19:54:01,17184,3353,549,386,97,186.07045468833613,9,0
388,photo,2024-12-24 19:54:01,34787,4736,401,177,17,163.4403255828295,7,4
389,reels,2024-11-20 19:54:01,22621,4366,778,155,264,37.69304772369419,9,0
390,reels,2024-10-07 19:54:01,11028,839,686,457,113,86.91839512146439,7,0
391,text,2024-12-02 19:54:01,13448,1501,584,354,193,71.62553132580723,2,0
392,video,2024-11-24 19:54:01,46253,3359,543,394,99,64.06285634710241,6,0
393,video,2024-12-27 19:54:01,35051,2377,79,444,109,123.34330094399611,4,0
394,reels,2024-12-24 19:54:01,31447,4004,902,126,12,211.20943577749708,3,3
395,video,2024-10-10 19:54:01,19394,4023,414,498,71,65.23587966517078,2,4
396,text,2024-11-14 19:54:01,35501,4314,617,112,195,110.00366391089442,6,0
397,reels,2024-10-08 19:54:01,31254,3327,684,8,260,117.27522805234868,8,0
398,video,2024-11-24 19:54:01,19509,2931,600,97,13,292.93695883062304,6,0
399,reels,2024-12-18 19:54:01,49998,3858,526,411,121,286.39990706372066,9,0
400,reels,2024-10-20 19:54:01,15472,2612,837,10,271,240.04127482562276,5,1
401,photo,2024-11-19 19:54:01,46657,2251,129,292,103,72.49767624575554,2,1
402,text,2024-12-03 19:54:01,4471,3775,823,110,168,20.411194227500907,8,2
403,carousel,2024-10-17 19:54:01,42796,2845,699,150,145,95.07124131618743,9,0
404,reels,2024-10-16 19:54:01,31268,3966,697,275,272,80.03836483014925,4,2
405,video,2024-11-11 19:54:01,9329,3864,911,428,41,151.77774004391816,6,3
406,reels,2024-10-10 19:54:01,35865,2322,226,382,78,233.31837302033793,8,2
407,video,2024-12-15 19:54:01,47850,2892,65,100,77,257.4968816636574,9,4
408,photo,2024-12-02 19:54:01,47698,1797,375,461,203,253.45922562315255,5,1
409,text,2024-10-22 19:54:01,29272,3562,708,233,134,107.90266836692032,6,1
410,photo,2024-11-25 19:54:01,43845,4163,513,206,250,206.17030303820488,4,0
411,video,2024-12-03 19:54:01,7397,1624,753,216,64,93.85025925726602,5,0
412,text,2025-01-02 19:54:01,33373,4860,776,10,283,18.271662970554814,7,3
413,text,2024-12-02 19:54:01,36525,132,934,116,107,210.4695796808827,9,3
414,carousel,2024-10-19 19:54:01,25570,4125,464,380,155,2.9482657709363536,6,4
415,carousel,2024-12-05 19:54:01,19284,2666,113,383,161,122.75477623754657,6,0
416,video,2024-12-02 19:54:01,19994,2903,86,451,210,98.81378079062272,8,0
417,photo,2024-10-19 19:54:01,24284,3996,239,327,183,208.01326155565573,4,3
418,video,2024-12-09 19:54:01,18833,3809,923,110,201,229.87364182811368,3,3
419,carousel,2024-12-13 19:54:01,26122,819,267,143,227,91.22839079138515,7,3
420,reels,2024-10-30 19:54:01,6017,4679,273,303,93,243.48810433345605,5,1
421,reels,2024-11-27 19:54:01,17370,1072,340,405,291,88.17502815148013,2,2
422,reels,2024-10-06 19:54:01,30252,3818,191,100,280,133.89790799596838,2,2
423,photo,2024-11-19 19:54:01,8999,4502,902,392,240,218.10555810424017,6,0
424,video,2024-12-20 19:54:01,23436,4652,777,451,187,207.87606876743658,8,1
425,photo,2024-11-21 19:54:01,43963,2307,559,456,213,296.21054169366,1,3
426,carousel,2024-11-16 19:54:01,3096,4526,697,341,134,67.54830726477957,6,0
427,video,2024-10-21 19:54:01,49201,4420,36,301,157,198.6953740618747,2,1
428,reels,2024-11-04 19:54:01,26279,3130,285,471,17,182.90457248273322,2,4
429,video,2024-10-29 19:54:01,44363,3675,661,393,126,274.52953634700896,7,1
430,photo,2024-12-29 19:54:01,49709,3216,308,420,224,46.908642493462516,1,0
431,photo,2024-12-26 19:54:01,27201,3385,966,218,110,225.53944907607988,6,2
432,reels,2024-12-29 19:54:01,20715,743,808,458,74,170.48058488063052,7,3
433,carousel,2024-10-23 19:54:01,30309,4811,100,295,199,82.39976093637162,8,4
434,photo,2024-12-03 19:54:01,16078,294,489,26,190,142.3304742441522,7,1
435,photo,2024-11-24 19:54:01,6105,4096,582,197,103,100.13297912093934,6,0
436,carousel,2024-10-20 19:54:01,30312,588,467,472,86,173.79402083653827,9,0
437,photo,2024-12-27 19:54:01,3839,2304,460,154,79,266.70018324439974,3,3
438,reels,2024-10-24 19:54:01,4384,2757,374,372,196,170.7914953236606,6,0
439,carousel,2024-11-15 19:54:01,44619,3376,868,251,218,189.51672549797522,4,0
440,photo,2024-11-03 19:54:01,43821,1202,684,271,148,155.62435413441284,2,3
441,photo,2024-10-12 19:54:01,14493,1341,360,465,220,15.349651933642772,1,4
442,text,2024-11-03 19:54:01,18069,615,664,255,19,69.85756706282828,1,2
443,video,2024-12-28 19:54:01,47907,492,409,494,221,147.60051882962483,3,2
444,video,2024-10-21 19:54:01,8531,730,262,7,39,93.07058512341143,4,1
445,reels,2024-10-12 19:54:01,38051,3816,790,397,187,54.529079328358264,2,4
446,text,2024-10-16 19:54:01,8736,1947,890,320,274,151.2398525755315,1,1
447,text,2024-12-31 19:54:01,8710,2755,812,80,104,96.8429380343551,4,2
448,reels,2024-12-29 19:54:01,2619,1079,468,91,11,77.43229295202441,7,3
449,video,2024-11-07 19:54:01,14975,4629,708,274,34,139.19562523211425,6,0
450,photo,2024-12-13 19:54:01,46603,3502,926,229,148,39.98527742465194,6,2
451,reels,2024-12-09 19:54:01,24252,3971,508,22,115,278.3237199226222,9,4
452,carousel,2025-01-01 19:54:01,16261,377,959,117,236,260.3106293757717,2,2
453,video,2024-11-24 19:54:01,2431,332,980,255,183,212.2861757221606,4,4
454,text,2024-11-05 19:54:01,10067,1652,935,237,76,31.864148276536863,5,4
455,photo,2024-12-21 19:54:01,38481,3370,517,333,214,232.7631763409079,1,4
456,video,2024-10-21 19:54:01,28037,2509,313,283,224,242.3871984327057,8,1
457,photo,2024-10-14 19:54:01,10557,3612,510,206,84,230.3293853143013,8,3
458,video,2024-12-23 19:54:01,10435,125,812,87,87,34.189766135772345,6,2
459,photo,2024-10-09 19:54:01,38766,560,607,129,46,193.1723871203294,5,3
460,photo,2024-12-23 19:54:01,1162,3864,175,179,277,250.29743872481956,8,0
461,photo,2024-12-22 19:54:01,35742,3531,424,73,195,173.20602036590032,3,2
462,carousel,2024-12-10 19:54:01,20675,3583,471,51,177,193.9222125684267,3,3
463,carousel,2024-11-20 19:54:01,9461,2094,929,376,11,137.50904382789184,2,3
464,carousel,2024-12-16 19:54:01,18015,590,123,260,159,158.6121959652158,5,0
465,text,2024-11-10 19:54:01,33591,1172,442,219,14,10.313057505517564,3,4
466,video,2024-11-20 19:54:01,29047,3273,365,34,38,191.6889065919854,3,2
467,photo,2024-12-27 19:54:01,35782,315,937,285,40,24.434163867347756,6,2
468,reels,2024-11-12 19:54:01,10833,1823,704,416,10,130.504378302067,8,0
469,photo,2024-11-10 19:54:01,8896,1692,216,486,219,87.79652930022235,2,4
470,text,2024-12-03 19:54:01,33972,2706,777,241,138,163.62838506351392,4,2
471,photo,2024-11-14 19:54:01,42800,258,244,252,289,40.024900656962124,7,2
472,text,2024-11-21 19:54:01,31508,4881,451,372,130,207.49302059199545,1,2
473,photo,2024-10-14 19:54:01,6347,3413,364,499,178,238.5034610785411,1,4
474,reels,2024-10-26 19:54:01,31314,2941,524,29,156,49.00633492294695,7,0
475,carousel,2024-12-17 19:54:01,3643,1876,217,78,30,31.29392620556465,7,2
476,text,2024-10-13 19:54:01,41785,2152,718,210,119,43.654644836207744,1,3
477,photo,2024-12-13 19:54:01,19681,2395,862,494,288,263.1382685695505,1,4
478,carousel,2024-11-28 19:54:01,39328,1796,134,498,79,158.45677852690685,4,1
479,text,2024-11-09 19:54:01,16892,3093,147,318,170,140.17829880225077,5,0
480,carousel,2024-11-06 19:54:01,48299,2569,348,98,193,32.013545730706284,5,3
481,carousel,2025-01-01 19:54:01,18073,2046,546,379,82,194.86680202708854,4,2
482,carousel,2024-12-07 19:54:01,37768,3909,77,131,94,260.39987756852696,8,1
483,video,2024-10-22 19:54:01,31682,2883,582,429,180,248.45576079703588,7,0
484,carousel,2024-11-30 19:54:01,33262,3744,550,29,25,187.8164126942404,9,4
485,carousel,2024-11-04 19:54:01,32358,2600,392,338,58,22.58361499550209,7,1
486,text,2024-11-11 19:54:01,15289,3745,28,359,188,33.71910815280389,1,1
487,photo,2024-11-02 19:54:01,8927,2745,692,120,226,14.792696132947402,7,3
488,photo,2024-10-17 19:54:01,49330,2449,459,52,183,77.24376494774079,1,0
489,text,2024-12-28 19:54:01,2171,2032,83,230,280,40.69844014811332,7,3
490,reels,2024-10-20 19:54:01,12918,3394,582,270,116,78.01441207573016,8,3
491,video,2024-11-16 19:54:01,42903,1857,948,103,228,115.5174167156885,9,2
492,carousel,2024-10-11 19:54:01,40110,1216,674,463,218,282.8948352213407,3,4
493,photo,2024-12-04 19:54:01,12929,2667,285,15,63,183.11281793450763,4,1
494,photo,2024-11-07 19:54:01,3539,3599,57,89,113,250.4921357048887,4,0
495,video,2024-11-04 19:54:01,37727,592,220,409,161,213.10545021369967,9,4
496,video,2024-12-11 19:54:01,46951,3406,864,218,195,33.75093915798952,7,4
497,carousel,2024-12-15 19:54:01,23669,719,929,177,204,220.77612191218466,3,0
498,photo,2024-11-28 19:54:01,6432,3332,660,395,200,82.52966446773733,5,4
499,text,2024-12-31 19:54:01,21644,3923,631,213,39,191.73235409841192,7,2
500,text,2024-12-15 19:54:01,19745,2480,704,452,250,102.28859209289655,8,4
501,carousel,2024-11-05 19:54:01,29228,1646,549,386,241,299.30167897939776,1,2
502,carousel,2024-12-11 19:54:01,35521,3663,718,68,108,79.06544384903334,2,1
503,video,2024-11-15 19:54:01,32703,1705,200,262,11,83.7391412322809,7,1
504,reels,2024-11-16 19:54:01,27928,3852,324,336,287,279.2016766687195,2,3
505,carousel,2024-11-14 19:54:01,19322,4775,910,125,5,7.393321390896801,7,2
506,photo,2024-11-29 19:54:01,23360,1990,572,302,223,209.00669636195906,9,1
507,text,2024-10-30 19:54:01,30055,1375,670,470,234,217.59791722076343,2,4
508,reels,2024-10-17 19:54:01,43891,2843,789,58,176,250.9135732231198,7,0
509,text,2024-12-01 19:54:01,17376,2593,571,335,91,292.3317931915426,4,0
510,carousel,2024-11-29 19:54:01,7588,456,909,276,45,292.6805757469957,2,2
511,carousel,2024-12-29 19:54:01,26000,969,767,245,127,19.58302726993917,7,3
512,video,2024-11-26 19:54:01,7304,985,122,247,182,246.55179682587075,5,4
513,text,2024-11-23 19:54:01,8345,2101,179,22,67,193.8929800972144,1,2
514,reels,2024-11-07 19:54:01,30300,1383,477,487,169,194.20264031192735,5,0
515,photo,2024-12-23 19:54:01,25259,719,687,191,191,38.50497798440844,3,2
516,photo,2025-01-01 19:54:01,26470,982,930,350,213,195.056149933696,7,4
517,video,2024-12-17 19:54:01,24017,896,23,148,231,294.74477418037435,6,1
518,reels,2024-11-25 19:54:01,16352,3742,724,266,52,273.5455708618341,8,4
519,text,2024-12-14 19:54:01,34365,3525,297,445,228,131.73919824145517,5,1
520,photo,2024-12-20 19:54:01,20446,1396,916,368,7,11.984391985828303,2,1
521,carousel,2024-12-09 19:54:01,3336,4814,198,495,179,108.68804700006145,9,1
522,video,2024-12-27 19:54:01,10879,344,923,435,103,247.91709348016656,8,2
523,text,2024-10-09 19:54:01,33316,2995,164,243,120,210.4497304395498,6,0
524,reels,2024-11-23 19:54:01,34340,1029,576,308,274,137.80309667818693,7,2
525,reels,2024-11-21 19:54:01,8521,619,703,302,257,16.530460547649326,9,0
526,video,2024-12-21 19:54:01,7171,3312,731,80,99,128.0684183469908,7,4
527,video,2024-10-18 19:54:01,24481,2509,897,192,277,140.70748191536507,3,3
528,photo,2025-01-02 19:54:01,19474,107,480,337,28,278.5666598682408,6,4
529,photo,2024-11-28 19:54:01,47760,2625,84,392,120,192.32583107464782,7,2
530,reels,2024-10-27 19:54:01,45629,3523,286,491,155,93.49587499639466,2,2
531,reels,2024-11-27 19:54:01,46232,2119,949,250,54,157.59547933521642,3,0
532,text,2024-11-24 19:54:01,22008,4690,654,134,210,19.816592346648022,4,2
533,text,2024-11-03 19:54:01,2633,4382,352,478,83,291.7704706949211,6,1
534,carousel,2024-11-05 19:54:01,13485,3767,434,319,74,108.0179705792178,1,2
535,reels,2024-12-21 19:54:01,44617,3771,580,415,31,143.36020647394074,9,0
536,text,2024-10-07 19:54:01,4648,2901,520,287,275,106.58519227107678,5,0
537,reels,2024-10-12 19:54:01,48945,185,866,83,54,204.75351903486003,7,1
538,photo,2025-01-02 19:54:01,14140,3215,191,76,296,198.6696474988779,9,0
539,video,2024-10-26 19:54:01,18921,4332,467,267,251,214.5966931587407,9,3
540,photo,2024-12-18 19:54:01,15357,2568,927,195,268,80.44296888357624,1,4
541,text,2024-10-07 19:54:01,47136,3719,860,371,83,94.7005443492198,1,2
542,carousel,2024-12-07 19:54:01,4137,1736,842,379,194,37.57536932886239,3,3
543,photo,2024-10-30 19:54:01,1097,3683,73,434,51,196.65299155383377,6,2
544,carousel,2024-11-30 19:54:01,12407,4109,848,67,193,11.939138200695766,2,3
545,carousel,2024-12-30 19:54:01,31575,3426,269,492,260,179.30470065703773,1,2
546,video,2024-10-31 19:54:01,13722,2318,202,384,226,260.90876545549014,1,1
547,photo,2024-11-25 19:54:01,13924,2317,664,16,245,267.2496444868901,5,0
548,carousel,2024-10-20 19:54:01,4750,2469,625,145,273,134.71132811098852,4,0
549,carousel,2024-11-09 19:54:01,28733,3738,981,258,5,137.79110646392212,1,1
550,reels,2024-11-29 19:54:01,9535,2603,415,47,38,23.09075490240521,4,3
551,carousel,2024-11-20 19:54:01,25487,1043,735,21,83,201.22950763291072,3,4
552,reels,2024-12-12 19:54:01,31651,2937,763,67,240,246.37782611185364,2,3
553,carousel,2024-11-18 19:54:01,5666,2760,952,257,102,73.39651638141392,9,0
554,carousel,2024-12-04 19:54:01,49777,3036,730,469,86,126.3902644900094,1,4
555,reels,2024-12-24 19:54:01,17994,4544,102,380,196,251.6518010295811,7,2
556,video,2024-12-25 19:54:01,2727,4047,439,296,257,263.1361402986864,4,4
557,photo,2024-10-29 19:54:01,35622,1776,663,473,42,72.95399407926779,5,3
558,photo,2024-12-21 19:54:01,11800,1296,443,12,18,165.17119036240928,5,1
559,reels,2024-10-16 19:54:01,38823,4205,413,329,213,57.74794519074812,1,2
560,carousel,2024-10-22 19:54:01,44039,2887,443,94,93,30.563629241866963,6,3
561,carousel,2024-12-25 19:54:01,19708,1561,121,212,60,273.33615041758725,9,2
562,photo,2024-10-20 19:54:01,13819,3418,938,296,98,246.15225126963276,2,4
563,photo,2025-01-03 19:54:01,10369,766,384,288,97,228.01047054095218,7,0
564,photo,2024-12-30 19:54:01,10283,2276,68,122,89,14.629895643942126,6,3
565,video,2024-12-15 19:54:01,31573,3843,52,353,249,253.11863781307724,5,1
566,carousel,2024-12-27 19:54:01,14171,700,216,179,26,131.41322277161512,4,4
567,video,2024-11-22 19:54:01,31933,2752,789,80,295,102.71853698875789,4,3
568,video,2024-10-20 19:54:01,6774,4522,305,105,276,163.94290830761292,6,1
569,text,2025-01-03 19:54:01,7519,3924,127,418,126,27.405972817066747,4,3
570,video,2024-11-08 19:54:01,11983,4006,541,155,132,226.99396480571966,5,4
571,carousel,2024-11-01 19:54:01,31932,1079,231,404,117,174.73052306648876,6,3
572,reels,2024-10-12 19:54:01,31798,2551,175,274,277,55.977029061950255,5,2
573,video,2024-12-07 19:54:01,19133,728,652,462,134,56.469659930713675,7,4
574,carousel,2024-11-28 19:54:01,15939,1729,165,75,136,55.27459547180227,9,3
575,reels,2024-11-18 19:54:01,1781,3796,193,497,89,17.100716265580196,7,0
576,text,2024-10-20 19:54:01,28624,3530,99,184,85,176.33953481150544,7,3
577,photo,2024-11-28 19:54:01,7823,3774,103,128,73,252.10445327655242,4,2
578,text,2024-11-16 19:54:01,19489,4029,22,385,152,5.2494641962165804,1,1
579,video,2024-11-21 19:54:01,40961,2865,982,297,20,14.701393491382063,8,1
580,photo,2024-11-09 19:54:01,30118,4469,843,289,109,171.83108300608373,4,1
581,video,2024-12-07 19:54:01,35881,4880,814,199,169,245.8487056158157,1,0
582,text,2024-10-17 19:54:01,17280,215,954,403,205,98.02166717059008,5,2
583,video,2024-12-29 19:54:01,23263,2103,751,232,201,104.88431964231665,8,4
584,video,2024-11-04 19:54:01,14565,792,843,435,189,178.9039492490328,4,1
585,carousel,2024-12-15 19:54:01,21354,3262,813,434,269,82.2638667372441,8,2
586,photo,2024-10-18 19:54:01,43951,1205,447,440,104,7.982509823305239,8,3
587,photo,2025-01-02 19:54:01,26643,3108,547,279,218,220.56855543047882,3,0
588,photo,2024-10-23 19:54:01,24648,2261,596,465,282,187.69497388243593,9,2
589,photo,2024-11-28 19:54:01,42971,253,977,110,166,174.22679971669774,3,2
590,photo,2024-12-15 19:54:01,19658,3799,885,25,161,222.50523869754693,1,4
591,photo,2024-12-09 19:54:01,22253,4510,945,68,255,202.56925126861125,2,2
592,carousel,2024-12-06 19:54:01,49563,3886,820,169,101,61.764596453496345,6,4
593,photo,2025-01-03 19:54:01,27390,1164,159,31,22,105.74431408300534,2,0
594,video,2024-11-30 19:54:01,24128,4300,669,315,101,37.8330425035875,6,0
595,reels,2024-10-26 19:54:01,14489,2013,17,289,5,38.95710402536431,1,3
596,video,2024-11-06 19:54:01,39314,1316,38,152,220,202.85872390696176,1,4
597,carousel,2024-10-27 19:54:01,33658,2501,305,285,136,257.58003209474947,5,4
598,photo,2024-12-02 19:54:01,7852,1872,995,330,264,288.8197751583417,9,1
599,photo,2024-11-14 19:54:01,30450,2060,935,323,129,188.5041352648333,8,1
600,photo,2024-10-18 19:54:01,3551,2880,730,168,86,55.23039700828709,3,3
601,photo,2024-12-23 19:54:01,7411,4904,649,390,287,31.69510363467921,3,0
602,photo,2024-12-15 19:54:01,34243,4846,349,410,175,243.85529146102732,1,1
603,photo,2024-11-12 19:54:01,22800,2971,637,228,63,173.6269429079998,3,2
604,photo,2024-10-08 19:54:01,11403,760,448,276,36,185.48550630411594,1,0
605,photo,2024-11-22 19:54:01,8239,2735,153,150,165,234.43862662641277,8,2
606,video,2024-10-07 19:54:01,7710,2429,951,457,288,210.98316831973548,1,4
607,photo,2024-11-15 19:54:01,22384,4054,839,442,110,250.337475856829,5,0
608,video,2024-12-06 19:54:01,22038,2550,756,360,109,16.864171637963544,9,3
609,carousel,2024-11-08 19:54:01,41846,1232,528,34,232,224.25619102395146,7,4
610,carousel,2024-11-26 19:54:01,23447,799,985,49,192,255.25582719662862,4,4
611,photo,2024-11-09 19:54:01,3285,2138,54,279,74,85.84051273749431,9,2
612,reels,2024-11-22 19:54:01,38991,4747,964,475,294,192.13418219797586,9,4
613,carousel,2024-11-15 19:54:01,14521,4600,248,38,91,94.24861915109163,2,1
614,photo,2024-12-12 19:54:01,48657,4657,961,145,60,287.3913199447362,6,0
615,reels,2024-11-21 19:54:01,7971,2279,953,431,117,10.027071730651127,4,1
616,text,2024-11-27 19:54:01,30139,2938,164,322,17,173.9378531498865,8,2
617,photo,2024-10-12 19:54:01,20909,973,190,378,22,49.951064114854525,7,2
618,photo,2024-12-12 19:54:01,12531,183,224,225,186,213.6660615531476,7,0
619,reels,2024-11-20 19:54:01,15721,1522,97,360,117,52.767085025598625,9,4
620,carousel,2024-11-13 19:54:01,20206,2775,265,26,233,70.61497856950727,5,3
621,photo,2024-10-16 19:54:01,38711,3280,520,184,175,148.31124331372743,6,2
622,photo,2024-11-15 19:54:01,7530,4416,82,440,299,274.4504849990634,1,0
623,video,2024-12-27 19:54:01,12116,4075,940,371,193,63.514311644391256,6,3
624,video,2024-10-11 19:54:01,1258,1491,188,424,83,43.27200633543106,2,4
625,carousel,2025-01-03 19:54:01,1282,3318,221,333,150,227.6930495562092,6,2
626,video,2024-12-27 19:54:01,14937,4307,814,235,186,150.1858597001793,9,0
627,video,2024-12-06 19:54:01,2898,714,243,407,290,273.5355337145314,8,0
628,carousel,2024-12-30 19:54:01,5135,3071,474,42,254,43.98436714795268,9,0
629,photo,2024-10-10 19:54:01,7629,3665,760,74,200,193.7783679069118,8,2
630,photo,2024-11-18 19:54:01,44936,3676,232,120,75,69.86374384554452,3,3
631,carousel,2024-12-01 19:54:01,20584,4670,640,243,252,47.02812859549179,8,0
632,reels,2024-10-31 19:54:01,24551,370,834,339,150,205.02882454718116,6,4
633,carousel,2024-11-10 19:54:01,34380,4166,273,445,110,178.10538597261996,6,0
634,carousel,2024-10-06 19:54:01,47971,2568,216,152,267,226.44823750869938,6,3
635,photo,2024-11-22 19:54:01,18071,1490,616,13,74,92.83877293385471,3,2
636,video,2024-10-22 19:54:01,21074,3454,894,292,197,134.39149691465698,1,0
637,carousel,2024-12-05 19:54:01,26188,4235,743,392,72,121.64150289912554,4,0
638,photo,2024-10-14 19:54:01,3307,3707,375,54,56,295.22683918995426,6,4
639,photo,2024-12-18 19:54:01,40901,2683,285,342,289,87.67468702181637,2,4
640,video,2024-12-09 19:54:01,12205,4173,389,9,13,88.44517150403006,7,0
641,photo,2024-12-27 19:54:01,6906,3175,752,408,255,106.36446264858222,7,0
642,video,2024-11-18 19:54:01,3591,4006,318,347,188,169.37822438709645,4,4
643,photo,2024-10-20 19:54:01,16149,389,640,130,183,75.69682327912358,4,3
644,video,2024-10-24 19:54:01,45918,2580,277,79,202,274.5869821137822,1,1
645,photo,2024-10-07 19:54:01,40951,3352,954,169,132,79.70566945987905,2,1
646,reels,2024-11-19 19:54:01,26150,378,794,282,24,268.7447194680584,9,0
647,carousel,2024-10-28 19:54:01,32852,3024,73,446,69,31.042519093975397,8,4
648,carousel,2024-12-02 19:54:01,43870,680,819,328,186,196.96881071989569,8,2
649,reels,2025-01-03 19:54:01,2283,353,359,481,245,272.0956555314731,9,2
650,video,2024-12-16 19:54:01,34691,4376,934,304,28,50.62483151946886,7,1
651,photo,2024-12-04 19:54:01,2125,4876,924,294,87,290.4980880297765,9,3
652,carousel,2024-10-16 19:54:01,2529,924,503,81,189,135.8650081246535,2,1
653,carousel,2024-12-21 19:54:01,27170,3932,532,302,103,283.7145325323073,6,0
654,carousel,2024-11-12 19:54:01,9438,799,107,141,66,203.0460130890141,3,3
655,video,2024-11-17 19:54:01,21095,1480,955,110,290,90.47606096206546,6,2
656,photo,2024-10-27 19:54:01,17154,3996,80,99,26,56.49075747513193,3,4
657,photo,2024-10-06 19:54:01,9004,1773,373,139,216,91.12051386752982,8,4
658,video,2024-11-03 19:54:01,10752,2827,579,72,130,27.905222778802496,4,0
659,carousel,2024-10-30 19:54:01,44360,3256,811,151,46,43.16038990299893,6,1
660,carousel,2024-11-01 19:54:01,27819,3488,772,494,102,31.39813210394434,9,0
661,video,2024-10-26 19:54:01,37632,4407,285,482,35,126.88306312246732,2,4
662,text,2024-11-02 19:54:01,27515,483,59,163,162,238.67351287727593,2,2
663,carousel,2024-10-23 19:54:01,25217,441,367,388,116,42.41506626490206,7,4
664,photo,2024-12-02 19:54:01,24172,2087,737,167,251,39.09612995170077,2,3
665,photo,2024-11-24 19:54:01,33994,4159,915,445,126,193.02868485519923,2,4
666,photo,2024-10-07 19:54:01,16036,3209,937,345,277,59.15489459041988,4,4
667,photo,2024-11-17 19:54:01,12739,4182,573,193,298,29.28301143269748,9,3
668,photo,2024-12-22 19:54:01,33220,4615,792,419,211,50.05457346167329,8,1
669,photo,2024-10-23 19:54:01,10587,2898,494,343,114,277.11941876303285,2,4
670,photo,2024-10-19 19:54:01,45517,3340,93,99,282,246.44137583285723,8,0
671,photo,2024-12-04 19:54:01,31129,2088,908,185,60,106.21936870652823,4,4
672,reels,2024-10-21 19:54:01,1645,3514,814,292,61,196.74623019821783,2,0
673,photo,2024-10-28 19:54:01,31930,1949,647,326,295,161.18270210041143,7,3
674,carousel,2024-12-31 19:54:01,17299,405,817,191,118,203.13727904476917,6,4
675,video,2024-12-16 19:54:01,31090,3713,593,376,202,204.8013457388278,5,3
676,text,2024-10-26 19:54:01,22953,2849,305,142,183,188.62020451799788,1,3
677,photo,2024-10-14 19:54:01,47443,1235,245,134,223,79.83041056119258,2,1
678,video,2024-12-22 19:54:01,27475,305,65,198,281,11.701926228845439,8,4
679,text,2024-12-12 19:54:01,19888,4691,928,320,20,136.67003459703264,1,0
680,reels,2024-10-13 19:54:01,44732,3550,369,476,65,267.29216540721114,3,0
681,reels,2024-10-21 19:54:01,17087,3911,916,277,58,170.84917755557277,2,4
682,photo,2025-01-03 19:54:01,47305,3722,119,356,172,249.71731251057238,5,1
683,photo,2024-10-08 19:54:01,47037,3699,201,148,30,297.48730288836845,4,1
684,carousel,2024-11-11 19:54:01,10346,2651,913,20,69,49.08486124148288,7,1
685,text,2024-10-25 19:54:01,1587,4408,102,306,104,207.53329174259468,5,0
686,carousel,2024-10-07 19:54:01,13763,409,871,427,78,202.2880721100074,8,3
687,carousel,2024-10-11 19:54:01,42945,2808,577,249,196,293.9866342074835,4,1
688,photo,2024-12-20 19:54:01,5079,2091,69,419,175,295.6802201858401,6,0
689,reels,2024-10-31 19:54:01,37116,371,659,111,277,206.00358351723884,4,0
690,photo,2024-10-20 19:54:01,21215,3742,48,92,191,73.08443759465828,2,3
691,video,2024-10-25 19:54:01,26817,4186,549,133,27,239.5667514391797,1,4
692,video,2024-12-20 19:54:01,25765,1922,58,399,185,32.10874026331143,1,4
693,carousel,2024-12-14 19:54:01,31112,3373,429,379,112,234.2097912514886,8,1
694,photo,2024-12-16 19:54:01,26556,4638,646,345,166,273.0588372434089,4,1
695,photo,2024-11-05 19:54:01,19099,4449,22,8,210,114.85001843053058,5,3
696,carousel,2024-10-07 19:54:01,44553,620,45,331,82,189.19058849492413,8,1
697,photo,2024-12-02 19:54:01,46096,1076,110,414,20,129.0428196290479,7,3
698,carousel,2024-11-16 19:54:01,7450,3822,803,371,100,131.32951649643854,8,0
699,photo,2024-11-30 19:54:01,14230,3651,95,310,151,93.11126673243602,8,1
700,video,2024-11-21 19:54:01,30009,4205,525,400,6,228.63888613509738,6,0
701,carousel,2024-10-06 19:54:01,6433,2873,232,99,14,280.85296924995157,2,2
702,photo,2024-12-24 19:54:01,34866,2652,347,213,129,282.2252577703383,6,3
703,video,2024-10-24 19:54:01,40864,2932,969,229,85,52.43438546248015,1,2
704,photo,2024-10-18 19:54:01,19710,4007,175,463,144,262.4230948969698,1,1
705,photo,2024-10-22 19:54:01,12439,252,392,352,154,221.22943242813665,3,0
706,text,2024-10-30 19:54:01,42855,3064,865,484,292,75.85122020708678,3,1
707,video,2024-11-19 19:54:01,17021,3016,904,325,133,20.185383876454367,5,2
708,reels,2024-12-26 19:54:01,7416,2900,385,51,243,80.39918006531339,1,1
709,photo,2025-01-01 19:54:01,7980,1852,480,480,62,273.66247103445767,6,4
710,carousel,2024-10-11 19:54:01,19058,2710,799,185,202,189.95360246873167,7,2
711,reels,2024-12-09 19:54:01,12101,3975,651,110,215,216.31639826936154,3,1
712,carousel,2024-10-24 19:54:01,41718,1204,40,203,49,77.14570533272875,4,0
713,video,2024-11-17 19:54:01,33602,2636,384,390,101,215.8164466724461,3,1
714,video,2024-10-30 19:54:01,10122,4299,20,110,283,8.436451883377128,1,0
715,video,2024-10-26 19:54:01,13576,3954,997,284,27,112.59640373190413,8,4
716,text,2024-12-07 19:54:01,28516,3594,311,264,48,188.02600456269937,2,1
717,reels,2024-12-09 19:54:01,23433,2014,105,112,31,43.82896966239607,1,4
718,text,2024-12-10 19:54:01,2089,3172,199,23,286,246.90107233408042,8,2
719,photo,2024-12-23 19:54:01,38346,1106,462,414,101,70.50938964357559,7,0
720,carousel,2024-12-30 19:54:01,10127,506,201,463,40,195.68433384553387,7,2
721,text,2024-11-17 19:54:01,11487,266,495,300,113,121.5591427725989,4,0
722,photo,2024-11-28 19:54:01,1155,608,275,310,59,178.81307864329415,9,4
723,photo,2024-10-17 19:54:01,2958,1761,433,175,196,32.23516578867244,6,3
724,carousel,2024-11-21 19:54:01,11693,3764,137,335,223,5.073839976482198,2,1
725,carousel,2024-12-20 19:54:01,40112,3589,247,497,189,272.86932821409033,1,4
726,reels,2024-11-22 19:54:01,39547,4958,929,199,73,80.88900263015483,1,0
727,photo,2024-11-17 19:54:01,29795,780,364,16,134,245.90310083413772,9,0
728,reels,2024-10-09 19:54:01,22447,2624,949,199,59,299.80509014166006,4,0
729,photo,2024-10-26 19:54:01,37598,2220,121,494,101,63.42937739967335,5,0
730,photo,2024-11-19 19:54:01,42814,4777,837,287,91,79.55122235500667,3,1
731,photo,2024-11-22 19:54:01,26215,4457,455,373,298,198.8579362903997,4,2
732,reels,2024-12-14 19:54:01,10794,1463,352,186,123,289.63459038018635,8,3
733,carousel,2024-12-12 19:54:01,34209,1431,154,454,212,274.74430445722317,4,1
734,carousel,2024-10-16 19:54:01,23424,2392,74,309,158,150.86265601967546,9,0
735,video,2024-11-18 19:54:01,48246,1638,256,148,39,238.5330847580174,9,1
736,reels,2024-12-20 19:54:01,38396,3508,744,390,83,40.72375592997032,6,4
737,video,2024-12-10 19:54:01,7370,660,499,320,71,293.2314552612037,2,0
738,reels,2024-11-29 19:54:01,10528,1199,834,186,38,289.305970210796,7,3
739,video,2024-10-21 19:54:01,29276,2003,448,34,101,49.11868736375129,9,0
740,video,2024-11-14 19:54:01,45333,274,115,88,173,89.82693744093199,6,3
741,video,2024-12-20 19:54:01,9179,2256,190,170,173,30.046499252030078,3,3
742,video,2024-10-28 19:54:01,49781,2330,193,288,155,81.51527966945392,7,2
743,carousel,2024-12-14 19:54:01,17843,4387,235,285,75,244.78673682456198,5,2
744,carousel,2024-12-22 19:54:01,24952,4260,786,100,7,113.49468214957784,1,1
745,photo,2024-10-10 19:54:01,34160,4020,799,385,36,26.519090144027512,3,1
746,reels,2024-12-16 19:54:01,45898,1597,918,270,291,102.66765743367137,5,3
747,video,2024-12-01 19:54:01,30516,3954,98,448,86,294.415000272384,7,0
748,carousel,2024-10-18 19:54:01,11449,3271,697,302,47,188.9050785777609,3,4
749,text,2024-10-28 19:54:01,22125,1667,539,300,109,124.84828392184733,6,4
750,carousel,2024-11-13 19:54:01,8418,1251,380,229,5,49.961554049181004,5,0
751,photo,2024-12-08 19:54:01,23746,468,981,337,65,295.85303918510846,1,0
752,text,2024-12-06 19:54:01,3454,142,945,365,274,246.25470277893862,6,2
753,carousel,2024-12-07 19:54:01,18761,2007,922,378,184,84.44319073527582,8,4
754,video,2024-11-30 19:54:01,16223,3590,408,46,228,21.020608716356836,1,3
755,photo,2024-12-27 19:54:01,7701,2635,115,307,10,16.98766721326741,2,1
756,reels,2024-12-19 19:54:01,3597,4273,280,425,107,36.11344485166015,4,2
757,carousel,2024-11-29 19:54:01,1141,2973,984,250,14,174.2305750843265,2,4
758,carousel,2024-12-05 19:54:01,3659,1924,840,212,75,278.62902636164773,9,0
759,reels,2024-12-17 19:54:01,21980,1393,512,241,94,149.02302840179533,8,4
760,reels,2025-01-02 19:54:01,10031,4869,688,26,230,252.88364473685914,8,3
761,photo,2024-11-16 19:54:01,16037,4896,534,189,162,133.76598595794235,4,2
762,video,2024-10-19 19:54:01,47738,4954,858,472,232,212.57506373034758,5,0
763,photo,2024-12-31 19:54:01,39429,3486,41,246,130,219.56182118595024,4,3
764,carousel,2024-10-06 19:54:01,7142,3072,402,367,213,52.18911177100159,9,1
765,photo,2024-10-07 19:54:01,13109,4022,49,287,101,108.36481769274353,2,2
766,carousel,2024-10-21 19:54:01,23010,1092,669,45,78,191.19064696140717,8,3
767,reels,2024-12-28 19:54:01,9787,2486,227,340,119,21.208982455309854,2,3
768,reels,2024-10-22 19:54:01,43864,2340,740,166,195,108.46205632888697,1,0
769,video,2024-11-26 19:54:01,9472,1576,990,164,174,160.43983988435772,3,1
770,reels,2024-12-22 19:54:01,24383,3507,91,478,208,298.8673479133916,9,3
771,photo,2024-12-04 19:54:01,5249,489,854,93,60,142.36006878673223,3,2
772,reels,2024-10-25 19:54:01,48717,1099,729,326,212,244.81702713429706,9,3
773,photo,2024-11-02 19:54:01,35518,4720,210,16,45,129.6201855199853,7,4
774,video,2024-11-09 19:54:01,19351,1955,456,428,36,238.91721678591267,1,2
775,reels,2024-11-23 19:54:01,5088,758,853,77,19,178.6244404860325,5,2
776,photo,2024-11-04 19:54:01,16282,2863,437,80,66,265.9786324507195,9,3
777,photo,2024-11-23 19:54:01,20330,3763,47,350,159,123.28276570503297,3,0
778,carousel,2024-11-09 19:54:01,43409,1581,220,205,288,181.29132594644366,9,2
779,carousel,2024-11-29 19:54:01,22778,3831,453,14,213,189.00560418564822,5,4
780,carousel,2024-10-12 19:54:01,25264,551,336,356,191,125.21488254014199,9,0
781,carousel,2024-10-28 19:54:01,6075,2575,770,230,134,43.29361310624446,6,0
782,carousel,2024-12-28 19:54:01,11412,3322,236,180,131,28.067822073700665,9,0
783,photo,2024-11-11 19:54:01,49454,1637,57,280,296,5.00146517988993,7,2
784,video,2025-01-03 19:54:01,29365,3193,27,43,118,262.0602792735644,7,0
785,photo,2024-11-21 19:54:01,8230,982,921,64,203,70.94247367160837,8,3
786,text,2024-11-20 19:54:01,49200,4508,448,70,17,63.452024784530416,7,0
787,carousel,2024-11-18 19:54:01,12002,4168,816,325,275,220.81062012781965,9,4
788,video,2024-12-22 19:54:01,14947,2666,717,439,93,96.00483392621753,9,1
789,video,2024-12-13 19:54:01,14686,3377,196,128,219,151.81340772355097,6,4
790,text,2024-12-14 19:54:01,30304,474,354,168,282,48.75331958923689,7,2
791,photo,2024-10-10 19:54:01,14074,4646,233,412,207,287.92371643859076,2,0
792,carousel,2024-12-26 19:54:01,5493,3797,839,415,78,255.4744200051712,9,0
793,carousel,2024-12-09 19:54:01,35228,3162,497,390,29,259.136886889501,1,3
794,carousel,2024-12-26 19:54:01,15140,4790,918,163,105,122.03212457160156,1,0
795,photo,2024-12-20 19:54:01,32655,3350,886,61,180,228.70836411215183,3,4
796,reels,2024-12-25 19:54:01,44472,4695,858,82,121,43.16284661693405,6,2
797,text,2024-10-08 19:54:01,7816,4659,238,198,170,2.5857007775340834,5,1
798,carousel,2024-11-23 19:54:01,12639,212,399,289,45,5.991879773408437,2,0
799,carousel,2024-10-24 19:54:01,48192,3297,988,19,124,175.98052122136812,9,1
800,text,2024-12-11 19:54:01,47733,2478,598,16,101,136.61847157438223,4,0
801,carousel,2024-10-16 19:54:01,30492,2024,197,105,149,155.40460467255593,4,2
802,photo,2024-11-16 19:54:01,12240,239,867,160,220,2.2389421251658215,5,4
803,carousel,2024-12-09 19:54:01,33698,1524,279,344,233,126.80598589722771,8,2
804,carousel,2024-11-28 19:54:01,27957,3049,616,129,134,215.42044836025823,4,1
805,video,2024-10-28 19:54:01,33808,3268,319,363,141,132.80811059023077,5,0
806,carousel,2024-11-15 19:54:01,6827,616,141,284,277,219.66576189366668,4,1
807,text,2024-12-11 19:54:01,33762,2716,560,409,121,69.90568931905044,6,4
808,text,2024-12-16 19:54:01,9259,987,81,398,98,243.94260134451764,3,2
809,video,2024-11-05 19:54:01,15849,3204,802,114,172,176.52937213603568,8,1
810,photo,2024-11-26 19:54:01,17232,149,854,338,207,63.22892982897187,6,1
811,text,2024-10-22 19:54:01,41572,4051,681,361,153,71.01614275614988,5,4
812,reels,2024-10-07 19:54:01,25173,3660,196,150,187,188.4091393708611,2,0
813,photo,2024-12-17 19:54:01,6374,118,495,220,156,248.981877963733,7,1
814,text,2024-12-16 19:54:01,22174,4921,200,402,78,124.68833460874656,2,4
815,reels,2024-11-29 19:54:01,24567,1573,431,166,278,77.49012873827766,1,0
816,carousel,2024-10-22 19:54:01,36292,4161,129,132,46,260.10348207318015,7,0
817,carousel,2024-11-10 19:54:01,10277,2706,229,318,216,200.78048752525046,5,2
818,video,2024-10-27 19:54:01,32600,551,62,336,105,134.42564618492295,1,4
819,photo,2024-11-18 19:54:01,10885,3865,743,154,49,146.37005858379055,4,0
820,video,2024-11-16 19:54:01,1778,2538,460,458,86,61.27694038091892,4,2
821,reels,2024-12-02 19:54:01,30165,4410,421,40,21,188.04078901945317,7,3
822,photo,2024-12-14 19:54:01,2492,1649,652,177,77,107.62275316286659,9,4
823,video,2024-10-15 19:54:01,31462,3574,246,424,18,298.6935530023048,2,3
824,video,2024-12-13 19:54:01,14615,227,767,26,161,144.05505457856634,1,0
825,carousel,2024-11-17 19:54:01,45900,4955,747,210,227,145.76568185688396,2,4
826,text,2024-11-28 19:54:01,43946,2861,729,131,136,169.75553622320157,7,2
827,video,2024-12-20 19:54:01,8851,4556,415,340,51,275.026800935624,6,0
828,video,2024-11-30 19:54:01,17288,4764,617,449,111,240.24542995792507,4,4
829,carousel,2024-10-25 19:54:01,8156,1515,431,360,112,135.33902093935242,1,4
830,video,2024-12-03 19:54:01,3044,301,721,444,269,215.6097797918388,1,3
831,photo,2024-12-24 19:54:01,8368,2469,256,221,209,175.8706496342285,5,0
832,video,2024-12-25 19:54:01,20900,617,81,100,83,147.7101146103747,1,2
833,photo,2024-10-23 19:54:01,31600,1441,839,421,159,57.694731835305156,7,2
834,photo,2024-10-18 19:54:01,47403,4876,194,433,275,139.18087903646727,1,0
835,video,2024-10-19 19:54:01,26634,2088,15,168,251,73.74557610677239,1,0
836,video,2024-11-08 19:54:01,10168,3645,215,152,23,274.4526449554964,2,1
837,text,2024-12-10 19:54:01,21961,4620,553,22,30,100.62204404890409,3,3
838,video,2025-01-02 19:54:01,45096,3902,620,298,221,285.6792043600117,1,0
839,carousel,2024-11-01 19:54:01,47087,3375,915,199,158,159.91658702841335,9,0
840,carousel,2024-11-30 19:54:01,24852,3754,396,155,158,189.4633136028481,8,1
841,photo,2024-12-28 19:54:01,34110,2534,777,484,178,162.88213334679833,5,1
842,carousel,2024-10-11 19:54:01,33174,4973,708,369,96,38.81418509001027,2,4
843,photo,2024-12-17 19:54:01,35215,307,85,127,185,112.74636570238229,5,2
844,text,2024-10-29 19:54:01,27955,2733,186,404,135,29.74383368328718,6,3
845,photo,2024-11-23 19:54:01,7581,4217,836,191,279,186.88621325501452,1,4
846,video,2024-11-26 19:54:01,45619,253,808,457,277,134.06225856013168,4,0
847,photo,2024-11-24 19:54:01,7317,3466,358,456,80,233.39549147128105,9,1
848,text,2024-10-21 19:54:01,43856,4414,264,153,181,66.14114429981095,2,2
849,carousel,2024-12-11 19:54:01,46714,4864,846,108,188,49.369817528800475,5,4
850,carousel,2024-11-05 19:54:01,27649,1618,711,247,135,121.89966928913034,1,2
851,photo,2024-11-19 19:54:01,24132,2700,317,466,53,277.97561496551435,4,1
852,carousel,2024-12-16 19:54:01,17789,2295,354,235,59,213.12654450372352,4,4
853,photo,2024-10-28 19:54:01,15567,4598,136,483,158,125.6770874378756,6,4
854,reels,2024-10-06 19:54:01,15868,4791,946,210,204,155.18165092629317,9,2
855,photo,2024-11-23 19:54:01,25370,3654,296,202,122,25.263903353129503,3,1
856,photo,2024-12-03 19:54:01,43533,2514,775,400,267,295.3727689128339,9,0
857,photo,2024-11-26 19:54:01,31483,2949,734,404,50,199.92219140847567,6,4
858,video,2024-11-29 19:54:01,13466,1842,771,341,193,85.62122053902674,7,0
859,carousel,2024-11-29 19:54:01,29803,1406,605,497,133,175.7425182645733,2,1
860,photo,2025-01-01 19:54:01,19230,3949,496,91,53,32.84470982069819,6,4
861,reels,2024-10-23 19:54:01,18862,4268,392,146,29,289.7510006422751,6,4
862,video,2024-12-27 19:54:01,44355,4676,415,321,270,52.43549636500978,2,0
863,carousel,2024-10-26 19:54:01,32259,4755,397,203,122,194.40909541656424,2,3
864,video,2024-11-24 19:54:01,34539,4940,534,50,148,73.63633876167913,2,0
865,video,2024-10-28 19:54:01,22909,4295,566,292,204,215.26841479456073,1,0
866,carousel,2024-12-22 19:54:01,31795,2655,648,19,161,233.0464101720843,5,3
867,photo,2024-11-16 19:54:01,9770,2405,947,48,138,202.0259186734298,8,1
868,photo,2024-11-05 19:54:01,12093,4608,635,405,152,184.34983807655777,2,1
869,reels,2025-01-02 19:54:01,47571,1188,954,173,75,267.74072818560353,5,4
870,text,2024-11-05 19:54:01,1193,2742,285,314,237,23.588013296927414,8,2
871,video,2024-12-30 19:54:01,35775,1277,509,499,158,99.27442973405856,5,2
872,photo,2024-11-21 19:54:01,18569,4857,726,48,94,74.48624388925379,2,4
873,carousel,2024-12-08 19:54:01,12190,3094,346,102,203,296.4041886196265,3,2
874,video,2024-12-03 19:54:01,43752,659,959,265,165,116.81693390006205,6,0
875,photo,2024-12-14 19:54:01,33327,3064,941,113,30,219.7838097721196,5,0
876,photo,2024-12-27 19:54:01,43070,1371,490,287,125,205.41754916430136,4,3
877,carousel,2024-10-24 19:54:01,21389,1913,906,376,216,63.62437124321332,4,3
878,carousel,2024-11-15 19:54:01,41197,3015,920,347,67,71.69930406346539,5,4
879,photo,2024-10-29 19:54:01,3261,709,982,108,72,84.38536906591023,2,4
880,photo,2024-11-21 19:54:01,29369,2561,282,260,257,123.33818347781377,9,4
881,photo,2024-11-07 19:54:01,27512,4220,929,383,6,70.29751969515804,2,0
882,carousel,2025-01-01 19:54:01,7716,383,67,210,112,5.895444824054341,2,2
883,photo,2024-10-10 19:54:01,22259,3028,337,339,290,263.8179170421586,9,4
884,photo,2024-10-26 19:54:01,29933,4496,740,47,53,289.68294941426524,3,4
885,reels,2025-01-02 19:54:01,42689,1191,118,357,144,102.47111610947039,7,0
886,photo,2024-10-09 19:54:01,5378,916,288,249,222,101.55206382764186,4,0
887,carousel,2024-11-21 19:54:01,41583,182,695,291,48,2.127543832311296,6,0
888,photo,2025-01-02 19:54:01,47546,2020,337,359,273,204.07520649911223,4,2
889,photo,2024-10-15 19:54:01,20835,3591,785,277,82,247.63196872458863,7,4
890,photo,2024-11-30 19:54:01,30033,3244,324,480,220,43.982490108000945,1,1
891,carousel,2024-10-09 19:54:01,25000,2193,483,87,102,47.89990481014522,3,1
892,reels,2024-12-05 19:54:01,46496,4813,120,114,240,237.02497499143132,3,4
893,reels,2024-12-27 19:54:01,11332,275,708,442,286,184.8872245062434,1,4
894,video,2024-12-13 19:54:01,43604,2804,790,194,153,13.458167288315103,6,4
895,carousel,2024-11-21 19:54:01,3800,469,944,475,70,186.7640971386845,9,4
896,photo,2024-11-07 19:54:01,30538,1918,238,292,238,92.67531685312981,8,2
897,photo,2024-11-29 19:54:01,31119,2201,506,428,91,110.61754664125378,7,1
898,reels,2024-10-27 19:54:01,9333,4885,165,401,83,230.91942548906405,8,3
899,photo,2024-10-19 19:54:01,6410,3590,482,255,209,243.28055780178317,6,1
900,photo,2024-12-04 19:54:01,18839,1879,710,216,283,120.10698805194919,9,1
901,photo,2024-11-18 19:54:01,31519,1464,281,295,258,284.1458808019064,3,0
902,photo,2024-11-10 19:54:01,6808,4562,896,137,134,121.93881538562167,9,4
903,photo,2024-10-16 19:54:01,7796,3442,11,205,88,231.55081056903296,4,4
904,carousel,2024-11-03 19:54:01,22180,4839,767,289,280,145.1631793692777,7,4
905,video,2024-12-05 19:54:01,44056,3776,731,330,191,269.2596979566252,9,0
906,reels,2024-11-10 19:54:01,18709,2526,520,413,50,272.32837309505356,2,2
907,reels,2024-12-19 19:54:01,18543,172,922,99,187,26.22504236132516,2,2
908,video,2024-12-23 19:54:01,38418,3062,295,282,272,280.94799939306773,9,3
909,photo,2024-12-18 19:54:01,30075,959,880,454,104,247.66045245612472,3,2
910,video,2024-12-19 19:54:01,38755,3956,22,433,82,237.39321429380007,9,2
911,carousel,2024-12-23 19:54:01,48968,4238,617,329,276,60.27340190565673,5,4
912,photo,2024-12-27 19:54:01,38465,2524,507,223,166,241.53576262639947,6,1
913,carousel,2024-10-12 19:54:01,31502,1164,742,93,48,255.03982040551105,2,2
914,video,2025-01-01 19:54:01,17724,2317,247,76,242,86.74510033624529,8,2
915,carousel,2024-12-19 19:54:01,4828,4117,103,251,138,285.6780235086971,9,0
916,video,2024-12-05 19:54:01,18087,2359,347,133,196,14.958043919749276,2,3
917,photo,2024-12-12 19:54:01,13605,3851,790,216,282,44.972775974141896,6,0
918,text,2024-12-30 19:54:01,32337,2186,180,432,22,161.2743414154543,6,4
919,reels,2024-10-12 19:54:01,6482,468,990,347,16,172.73774133669292,8,1
920,photo,2024-10-31 19:54:01,28005,2904,615,100,184,193.54502499027103,5,3
921,reels,2024-12-05 19:54:01,23760,250,670,79,127,5.090738794639938,9,0
922,video,2024-12-14 19:54:01,6463,1234,633,427,250,288.1100323866391,1,2
923,reels,2024-10-12 19:54:01,47628,2884,576,499,226,13.376427820243197,9,2
924,reels,2024-10-26 19:54:01,5912,4264,858,58,55,42.91858581702071,7,3
925,video,2024-12-13 19:54:01,5648,2446,945,348,75,4.2043552578170935,4,2
926,photo,2024-10-14 19:54:01,34623,4997,476,463,52,170.0575299882284,3,0
927,photo,2024-10-24 19:54:01,36634,2350,637,417,23,279.6800651762917,6,0
928,carousel,2024-12-03 19:54:01,45602,160,152,58,266,199.78414982413926,1,2
929,carousel,2024-12-02 19:54:01,4112,3110,210,222,88,246.7972405441282,3,2
930,photo,2024-12-19 19:54:01,23054,4001,189,20,159,3.9843610375740246,2,4
931,photo,2024-10-20 19:54:01,5492,1437,723,103,57,162.60458954391783,9,1
932,reels,2024-11-27 19:54:01,23207,1284,373,24,111,137.86889325165657,3,3
933,text,2024-12-21 19:54:01,16114,4526,488,50,139,149.69038326623792,2,0
934,carousel,2024-11-29 19:54:01,35285,1651,574,455,73,21.663955600556385,4,3
935,photo,2024-12-12 19:54:01,17018,4533,480,197,15,205.33060832079224,2,4
936,photo,2024-10-30 19:54:01,22386,1729,393,387,147,150.96612445759033,1,0
937,photo,2024-10-11 19:54:01,18740,1427,701,62,196,229.5446549583792,6,4
938,text,2025-01-02 19:54:01,45199,1626,935,441,73,145.5871902185146,8,4
939,photo,2024-10-23 19:54:01,9210,1773,426,115,27,44.81449086792962,2,2
940,carousel,2024-10-31 19:54:01,45363,1461,834,133,185,194.47708622334662,9,3
941,photo,2024-10-21 19:54:01,46639,1673,317,341,297,51.715908631549866,3,3
942,carousel,2024-10-29 19:54:01,13743,2786,658,198,13,261.71836900644445,8,2
943,carousel,2024-11-13 19:54:01,43092,4470,703,417,275,183.93487172077246,8,3
944,reels,2024-11-03 19:54:01,45299,2466,376,344,97,47.16116506708627,3,2
945,photo,2024-12-12 19:54:01,7588,3857,10,330,21,288.70141724436206,3,0
946,photo,2024-12-09 19:54:01,4311,2534,53,12,158,155.5096390005962,6,4
947,photo,2024-10-28 19:54:01,23432,2093,748,33,153,21.8695355614965,1,4
948,text,2024-10-14 19:54:01,34755,969,852,116,271,188.04987132452015,4,3
949,reels,2024-11-10 19:54:01,4321,1114,107,439,110,75.95967210384306,1,1
950,carousel,2024-12-29 19:54:01,16812,2011,729,165,39,241.10803556319073,3,4
951,carousel,2024-11-30 19:54:01,38383,702,274,135,123,245.34662206985718,9,2
952,carousel,2024-12-13 19:54:01,49280,3921,809,192,18,293.68420675639857,5,1
953,photo,2024-11-22 19:54:01,14146,790,792,167,18,150.5608593073511,5,1
954,text,2024-12-20 19:54:01,14654,593,149,201,270,136.48706391832113,4,4
955,video,2024-10-10 19:54:01,36820,589,490,479,144,226.0426816339442,3,4
956,video,2024-11-05 19:54:01,1726,2656,246,368,298,39.74119690257797,5,4
957,carousel,2024-12-23 19:54:01,4760,4585,983,208,123,164.07465413793727,4,2
958,photo,2024-11-16 19:54:01,23190,394,962,216,242,163.87428003925527,8,1
959,photo,2024-11-23 19:54:01,2875,4127,913,113,38,26.841936843116166,4,3
960,carousel,2024-11-27 19:54:01,24377,2943,81,280,173,125.39522565207407,8,2
961,photo,2024-10-14 19:54:01,47737,3012,676,77,14,255.9854395701606,6,0
962,carousel,2024-11-20 19:54:01,5033,1817,199,171,126,256.8460865983981,5,4
963,photo,2024-11-30 19:54:01,39211,2696,277,264,149,29.7712994759043,4,1
964,video,2024-12-05 19:54:01,18373,4844,330,247,227,27.216264824349256,4,2
965,photo,2024-10-08 19:54:01,4744,1973,116,279,261,78.80864310058058,4,0
966,video,2024-12-05 19:54:01,25995,4763,241,106,272,262.429818766198,9,2
967,carousel,2024-10-18 19:54:01,17977,3358,51,479,8,38.67077552204968,4,2
968,photo,2024-12-29 19:54:01,33402,2917,711,177,110,215.99904078823388,9,3
969,carousel,2024-10-29 19:54:01,35542,544,892,175,89,30.349685883930967,6,3
970,video,2024-10-16 19:54:01,11651,3741,148,145,218,186.9413561243476,7,2
971,carousel,2024-12-28 19:54:01,34703,4558,624,401,125,106.82018973574344,3,0
972,text,2024-11-13 19:54:01,14395,841,692,192,136,236.6741888897601,8,1
973,carousel,2024-12-21 19:54:01,30808,2141,872,445,201,70.10713464760909,3,1
974,photo,2024-10-23 19:54:01,37576,779,282,90,23,191.76054881698795,1,4
975,photo,2024-12-20 19:54:01,17715,2567,490,480,134,70.70476037276549,5,4
976,photo,2024-12-14 19:54:01,45409,3797,425,56,16,214.09808493364613,2,1
977,carousel,2024-11-30 19:54:01,25306,1458,515,115,85,262.1034103682246,6,2
978,photo,2024-10-30 19:54:01,20086,162,742,441,266,38.04053973802801,9,2
979,video,2025-01-02 19:54:01,15376,2659,734,369,129,259.97870657865104,1,3
980,carousel,2024-11-30 19:54:01,6889,3869,862,346,271,178.07257632428937,4,3
981,video,2024-10-14 19:54:01,38822,4451,433,47,144,38.133147260107194,1,4
982,reels,2024-10-18 19:54:01,37636,234,416,215,6,128.2625566079136,1,1
983,photo,2024-12-15 19:54:01,21584,3744,577,460,12,48.25808804552937,8,2
984,photo,2024-10-14 19:54:01,35610,2235,399,204,254,210.10436665997085,2,1
985,carousel,2024-12-25 19:54:01,11058,3378,351,302,143,227.66044032538488,1,0
986,video,2024-12-10 19:54:01,10101,922,955,350,128,31.738956081839685,8,1
987,carousel,2024-10-30 19:54:01,13497,3174,623,244,232,151.8419558083933,4,0
988,video,2024-12-10 19:54:01,5658,3081,942,119,14,244.38751680777514,3,3
989,photo,2024-11-11 19:54:01,12381,220,502,30,216,280.84891246529895,4,3
990,reels,2024-12-02 19:54:01,41312,1737,201,411,116,154.055360022531,5,4
991,reels,2024-11-29 19:54:01,41486,1024,508,303,12,285.0837670834221,1,1
992,carousel,2024-12-21 19:54:01,47619,744,831,81,296,160.70669113680896,1,1
993,photo,2024-10-31 19:54:01,18154,2132,721,416,257,118.25714837997239,3,0
994,carousel,2024-10-16 19:54:01,20539,2861,242,141,18,254.46093856586864,6,3
995,video,2024-11-11 19:54:01,12777,2168,954,24,244,147.89481313742672,1,0
996,photo,2024-11-13 19:54:01,35396,341,236,444,246,141.57075316935692,2,3
997,text,2025-01-01 19:54:01,31373,2768,380,215,153,147.0937468229485,7,0
998,photo,2024-11-24 19:54:01,34154,902,148,244,240,254.03550056092362,1,3
999,text,2024-12-29 19:54:01,7031,4264,865,43,171,249.58246250641562,7,0
1000,video,2024-12-10 19:54:01,28997,295,826,439,24,121.05599773206336,4,3
